Root,Root
Delete,Delete
Save,Save
"Use Config Settings","Use Config Settings"
"Use All Available Attributes","Use All Available Attributes"
ID,ID
Name,Name
SKU,SKU
Price,Price
Position,Position
"Add Subcategory","Add Subcategory"
"Add Root Category","Add Root Category"
Day,Day
Month,Month
Year,Year
from,from
to,to
[GLOBAL],[GLOBAL]
[WEBSITE],[WEBSITE]
"[STORE VIEW]","[STORE VIEW]"
"WYSIWYG Editor","WYSIWYG Editor"
"Add Product","Add Product"
label,label
"Product Attributes","Product Attributes"
"Add New Attribute","Add New Attribute"
Cancel,Cancel
"Save Attribute","Save Attribute"
"Save in New Attribute Set","Save in New Attribute Set"
"Enter Name for New Attribute Set","Enter Name for New Attribute Set"
"Save and Continue Edit","Save and Continue Edit"
"Delete Attribute","Delete Attribute"
"Edit Product Attribute ""%1""","Edit Product Attribute ""%1"""
"New Product Attribute","New Product Attribute"
"Advanced Attribute Properties","Advanced Attribute Properties"
"Attribute Code","Attribute Code"
"This is used internally. Make sure you don't use spaces or more than %1 symbols.","This is used internally. Make sure you don't use spaces or more than %1 symbols."
"Default Value","Default Value"
"Unique Value","Unique Value"
"Unique Value (not shared with other products)","Unique Value (not shared with other products)"
"Not shared with other products.","Not shared with other products."
"Input Validation for Store Owner","Input Validation for Store Owner"
"Add to Column Options","Add to Column Options"
"Select ""Yes"" to add this attribute to the list of column options in the product grid.","Select ""Yes"" to add this attribute to the list of column options in the product grid."
"Use in Filter Options","Use in Filter Options"
"Select ""Yes"" to add this attribute to the list of filter options in the product grid.","Select ""Yes"" to add this attribute to the list of filter options in the product grid."
"Store View","Store View"
Website,Website
Global,Global
Scope,Scope
"Declare attribute value saving scope.","Declare attribute value saving scope."
"Storefront Properties","Storefront Properties"
"Use in Search","Use in Search"
"Visible in Advanced Search","Visible in Advanced Search"
"Comparable on Storefront","Comparable on Storefront"
"Use for Promo Rule Conditions","Use for Promo Rule Conditions"
"Enable WYSIWYG","Enable WYSIWYG"
"Allow HTML Tags on Storefront","Allow HTML Tags on Storefront"
"Visible on Catalog Pages on Storefront","Visible on Catalog Pages on Storefront"
"Used in Product Listing","Used in Product Listing"
"Depends on design theme.","Depends on design theme."
"Used for Sorting in Product Listing","Used for Sorting in Product Listing"
"Media Image","Media Image"
Gallery,Gallery
"System Properties","System Properties"
No,No
Yes,Yes
"Data Type for Saving in Database","Data Type for Saving in Database"
Text,Text
Varchar,Varchar
Static,Static
Datetime,Datetime
Decimal,Decimal
Integer,Integer
"Globally Editable","Globally Editable"
"Attribute Information","Attribute Information"
Properties,Properties
"Manage Labels","Manage Labels"
Visible,Visible
"Web Site","Web Site"
Searchable,Searchable
Comparable,Comparable
"Delete Selected Group","Delete Selected Group"
"Add New","Add New"
Back,Back
Reset,Reset
"You are about to delete all products in this attribute set. Are you sure you want to do that?","You are about to delete all products in this attribute set. Are you sure you want to do that?"
"New Set Name","New Set Name"
"Edit Attribute Set '%1'","Edit Attribute Set '%1'"
Empty,Empty
"Add Attribute","Add Attribute"
"Add New Group","Add New Group"
"Add Group","Add Group"
"Edit Attribute Set Name","Edit Attribute Set Name"
"For internal use","For internal use"
"Based On","Based On"
"Add New Attribute Set","Add New Attribute Set"
"Add Attribute Set","Add Attribute Set"
"Attribute Sets","Attribute Sets"
"Close Window","Close Window"
"New Product","New Product"
"Save & Edit","Save & Edit"
"Save & New","Save & New"
"Save & Duplicate","Save & Duplicate"
"Save & Close","Save & Close"
Attributes,Attributes
Change,Change
"Advanced Inventory","Advanced Inventory"
Websites,Websites
"Products Information","Products Information"
"Create Category","Create Category"
"Category Name","Category Name"
"Parent Category","Parent Category"
"If there are no custom parent categories, please use the default parent category. You can reassign the category at any time in <a href=""%1"" target=""_blank"">Products > Categories</a>.","If there are no custom parent categories, please use the default parent category. You can reassign the category at any time in <a href=""%1"" target=""_blank"">Products > Categories</a>."
"Price Alert Subscriptions","Price Alert Subscriptions"
"Stock Alert Subscriptions","Stock Alert Subscriptions"
"There are no customers for this alert.","There are no customers for this alert."
"First Name","First Name"
"Last Name","Last Name"
Email,Email
"Subscribe Date","Subscribe Date"
"Last Notified","Last Notified"
"Send Count","Send Count"
"New Attribute","New Attribute"
Type,Type
"Attribute Set","Attribute Set"
Status,Status
Visibility,Visibility
"Add New Option","Add New Option"
"Import Options","Import Options"
"Use Default","Use Default"
Import,Import
"Add New Row","Add New Row"
"Delete Row","Delete Row"
"Tier Pricing","Tier Pricing"
"Default Price","Default Price"
"All Websites","All Websites"
"ALL GROUPS","ALL GROUPS"
"Add Price","Add Price"
"Default Values","Default Values"
"Related Products","Related Products"
Up-sells,Up-sells
Cross-sells,Cross-sells
"Size for %1","Size for %1"
"Watermark File for %1","Watermark File for %1"
"Position of Watermark for %1","Position of Watermark for %1"
"Name in %1","Name in %1"
Quantity,Quantity
Edit,Edit
"Are you sure?","Are you sure?"
"Change Status","Change Status"
"Update Attributes","Update Attributes"
"start typing to search category","start typing to search category"
"New Category","New Category"
"Images (.gif, .jpg, .png)","Images (.gif, .jpg, .png)"
"Add New Images","Add New Images"
"Inc. Tax","Inc. Tax"
"Does this have a weight?","Does this have a weight?"
Product,Product
"Notify Low Stock RSS","Notify Low Stock RSS"
"Low Stock Products","Low Stock Products"
"%1 has reached a quantity of %2.","%1 has reached a quantity of %2."
Home,Home
"Go to Home Page","Go to Home Page"
"Subscribe to RSS Feed","Subscribe to RSS Feed"
"Products Comparison List","Products Comparison List"
N/A,N/A
AM,AM
PM,PM
"-- Please Select --","-- Please Select --"
None,None
"New Products from %1","New Products from %1"
"New Products","New Products"
"%1 - Special Products","%1 - Special Products"
"Click for price","Click for price"
"Special Expires On: %1","Special Expires On: %1"
"Price: %1","Price: %1"
"Special Price: %1","Special Price: %1"
"Special Products","Special Products"
"Manage Catalog Categories","Manage Catalog Categories"
"Manage Categories","Manage Categories"
"You deleted the category.","You deleted the category."
"Something went wrong while trying to delete the category.","Something went wrong while trying to delete the category."
Categories,Categories
"Category is not available for requested store.","Category is not available for requested store."
"There was a category move error. %1","There was a category move error. %1"
"There was a category move error.","There was a category move error."
"You moved the category.","You moved the category."
"Attribute ""%1"" is required.","Attribute ""%1"" is required."
"You saved the category.","You saved the category."
"Something went wrong while saving the category.","Something went wrong while saving the category."
"Please select products for attributes update.","Please select products for attributes update."
"Please make sure to define SKU values for all processed products.","Please make sure to define SKU values for all processed products."
"A total of %1 record(s) were updated.","A total of %1 record(s) were updated."
"Something went wrong while updating the product(s) attributes.","Something went wrong while updating the product(s) attributes."
"Unable to add attribute","Unable to add attribute"
"Please, specify attributes","Please, specify attributes"
Catalog,Catalog
"Manage Product Attributes","Manage Product Attributes"
"We can't delete the attribute.","We can't delete the attribute."
"You deleted the product attribute.","You deleted the product attribute."
"We can't find an attribute to delete.","We can't find an attribute to delete."
"This attribute no longer exists.","This attribute no longer exists."
"This attribute cannot be edited.","This attribute cannot be edited."
"Edit Product Attribute","Edit Product Attribute"
"An attribute set named '%1' already exists.","An attribute set named '%1' already exists."
"Something went wrong while saving the attribute.","Something went wrong while saving the attribute."
"Attribute code ""%1"" is invalid. Please use only letters (a-z), numbers (0-9) or underscore(_) in this field, first character should be a letter.","Attribute code ""%1"" is invalid. Please use only letters (a-z), numbers (0-9) or underscore(_) in this field, first character should be a letter."
"We can't update the attribute.","We can't update the attribute."
"You saved the product attribute.","You saved the product attribute."
"An attribute with this code already exists.","An attribute with this code already exists."
"An attribute with the same code (%1) already exists.","An attribute with the same code (%1) already exists."
"The value of Admin must be unique.","The value of Admin must be unique."
"The value of Admin scope can't be empty.","The value of Admin scope can't be empty."
"You duplicated the product.","You duplicated the product."
"This product doesn't exist.","This product doesn't exist."
"Invalid product id. Should be numeric value greater than 0","Invalid product id. Should be numeric value greater than 0"
Products,Products
"A group with the same name already exists.","A group with the same name already exists."
"Something went wrong while saving this group.","Something went wrong while saving this group."
"A total of %1 record(s) have been deleted.","A total of %1 record(s) have been deleted."
"A total of %1 record(s) have been updated.","A total of %1 record(s) have been updated."
"Something went wrong while updating the product(s) status.","Something went wrong while updating the product(s) status."
"Unable to save product","Unable to save product"
"You saved the product.","You saved the product."
"SKU for product %1 has been changed to %2.","SKU for product %1 has been changed to %2."
"The image cannot be removed as it has been assigned to the other image role","The image cannot be removed as it has been assigned to the other image role"
"New Attribute Set","New Attribute Set"
"The attribute set has been removed.","The attribute set has been removed."
"We can't delete this set right now.","We can't delete this set right now."
"New Set","New Set"
"Manage Product Sets","Manage Product Sets"
"Manage Attribute Sets","Manage Attribute Sets"
"This attribute set no longer exists.","This attribute set no longer exists."
"You saved the attribute set.","You saved the attribute set."
"Something went wrong while saving the attribute set.","Something went wrong while saving the attribute set."
"You cleared the comparison list.","You cleared the comparison list."
"Something went wrong  clearing the comparison list.","Something went wrong  clearing the comparison list."
"You removed product %1 from the comparison list.","You removed product %1 from the comparison list."
"1 item","1 item"
"%1 items","%1 items"
"Are you sure you want to remove this item from your Compare Products list?","Are you sure you want to remove this item from your Compare Products list?"
"Are you sure you want to remove all items from your Compare Products list?","Are you sure you want to remove all items from your Compare Products list?"
"Invalid attribute %1","Invalid attribute %1"
Grid,Grid
List,List
All,All
"Bad controller interface for showing product","Bad controller interface for showing product"
"Product is not loaded","Product is not loaded"
"Make sure the To Date is later than or the same as the From Date.","Make sure the To Date is later than or the same as the From Date."
"Sorry, but we can't find the new parent category you selected.","Sorry, but we can't find the new parent category you selected."
"Sorry, but we can't find the new category you selected.","Sorry, but we can't find the new category you selected."
"We can't move the category because the parent category name matches the child category name.","We can't move the category because the parent category name matches the child category name."
"Something went wrong while getting the image url.","Something went wrong while getting the image url."
"Can't delete root category.","Can't delete root category."
"The value of attribute ""%1"" must be unique.","The value of attribute ""%1"" must be unique."
"Default Product Listing Sort by does not exist in Available Product Listing Sort By.","Default Product Listing Sort by does not exist in Available Product Listing Sort By."
"No layout updates","No layout updates"
"Products only","Products only"
"Static block only","Static block only"
"Static block and products","Static block and products"
"Please select a static block.","Please select a static block."
frontend_label,frontend_label
"Could not save product ""%1"" with position %2 to category %3","Could not save product ""%1"" with position %2 to category %3"
"Category does not contain specified product","Category does not contain specified product"
"Could not save product ""%product"" with position %position to category %category","Could not save product ""%product"" with position %position to category %category"
"Operation do not allow to move a parent category to any of children category","Operation do not allow to move a parent category to any of children category"
"Could not move category","Could not move category"
"Could not save category: %1","Could not save category: %1"
"Cannot delete category with id %1","Cannot delete category with id %1"
"-- Please Select a Category --","-- Please Select a Category --"
"Grid Only","Grid Only"
"List Only","List Only"
"Grid (default) / List","Grid (default) / List"
"List (default) / Grid","List (default) / Grid"
"Automatic (equalize price ranges)","Automatic (equalize price ranges)"
"Automatic (equalize product counts)","Automatic (equalize product counts)"
Manual,Manual
Fixed,Fixed
Percent,Percent
Discount,Discount
"-- Please select --","-- Please select --"
"Product Thumbnail Itself","Product Thumbnail Itself"
"Parent Product Thumbnail","Parent Product Thumbnail"
"12h AM/PM","12h AM/PM"
24h,24h
Stretch,Stretch
Tile,Tile
Top/Left,Top/Left
Top/Right,Top/Right
Bottom/Left,Bottom/Left
Bottom/Right,Bottom/Right
Center,Center
"%1 doesn't extends \Magento\Framework\Model\AbstractModel","%1 doesn't extends \Magento\Framework\Model\AbstractModel"
"Something went wrong while saving the file(s).","Something went wrong while saving the file(s)."
"File can not be saved to the destination folder.","File can not be saved to the destination folder."
"Unknown EAV indexer type ""%1"".","Unknown EAV indexer type ""%1""."
"We can't rebuild the index for an undefined product.","We can't rebuild the index for an undefined product."
"Bad value was supplied.","Bad value was supplied."
"The Flat Catalog module has a limit of %2$d filterable and/or sortable attributes.Currently there are %1$d of them.Please reduce the number of filterable/sortable attributes in order to use this module","The Flat Catalog module has a limit of %2$d filterable and/or sortable attributes.Currently there are %1$d of them.Please reduce the number of filterable/sortable attributes in order to use this module"
"Unsupported product type ""%1"".","Unsupported product type ""%1""."
"Please correct the category.","Please correct the category."
"Must be category model instance or its id.","Must be category model instance or its id."
"The attribute model is not defined.","The attribute model is not defined."
Category,Category
"%1 - %2","%1 - %2"
"%1 was not found in algorithms","%1 was not found in algorithms"
"%1 doesn't extend \Magento\Catalog\Model\Layer\Filter\Dynamic\AlgorithmInterface","%1 doesn't extend \Magento\Catalog\Model\Layer\Filter\Dynamic\AlgorithmInterface"
"%1 doesn't extends \Magento\Catalog\Model\Layer\Filter\AbstractFilter","%1 doesn't extends \Magento\Catalog\Model\Layer\Filter\AbstractFilter"
"The filter must be an object. Please set the correct filter.","The filter must be an object. Please set the correct filter."
"Clear Price","Clear Price"
"%1 and above","%1 and above"
"The filters must be an array.","The filters must be an array."
"Product was not registered","Product was not registered"
"Store was not registered","Store was not registered"
"Group price must be a number greater than 0.","Group price must be a number greater than 0."
"Media Gallery converter should be an instance of EntryConverterInterface.","Media Gallery converter should be an instance of EntryConverterInterface."
"There is no MediaGalleryEntryConverter for given type","There is no MediaGalleryEntryConverter for given type"
"Please enter a number 0 or greater in this field.","Please enter a number 0 or greater in this field."
"The value of attribute ""%1"" must be set","The value of attribute ""%1"" must be set"
"SKU length should be %1 characters maximum.","SKU length should be %1 characters maximum."
"Please enter a valid number in this field.","Please enter a valid number in this field."
"We found a duplicate website, tier price, customer group and quantity.","We found a duplicate website, tier price, customer group and quantity."
"Percentage value must be a number between 0 and 100.","Percentage value must be a number between 0 and 100."
"Invalid option id %1","Invalid option id %1"
"Can not create attribute set based on non product attribute set.","Can not create attribute set based on non product attribute set."
"Can not create attribute set based on not existing attribute set","Can not create attribute set based on not existing attribute set"
"Provided Attribute set non product Attribute set.","Provided Attribute set non product Attribute set."
"Use config","Use config"
Enabled,Enabled
Disabled,Disabled
"Attribute Set already exists.","Attribute Set already exists."
"We couldn't copy file %1. Please delete media with non-existing images and try again.","We couldn't copy file %1. Please delete media with non-existing images and try again."
"The image content is not valid.","The image content is not valid."
"Cannot save product.","Cannot save product."
"Failed to save new media gallery entry.","Failed to save new media gallery entry."
"There is no image with provided ID.","There is no image with provided ID."
"Such product doesn't exist","Such product doesn't exist"
"Such image doesn't exist","Such image doesn't exist"
"The image does not exist.","The image does not exist."
"Please correct the image file type.","Please correct the image file type."
"We couldn't move this file: %1.","We couldn't move this file: %1."
"The option type to get group instance is incorrect.","The option type to get group instance is incorrect."
"Select type options required values rows.","Select type options required values rows."
"ProductSku should be specified","ProductSku should be specified"
"Could not remove custom option","Could not remove custom option"
"Please specify date required option(s).","Please specify date required option(s)."
"Please specify time required option(s).","Please specify time required option(s)."
"Please specify product's required option(s).","Please specify product's required option(s)."
"The option instance type in options group is incorrect.","The option instance type in options group is incorrect."
"The product instance type in options group is incorrect.","The product instance type in options group is incorrect."
"The configuration item option instance in options group is incorrect.","The configuration item option instance in options group is incorrect."
"The configuration item instance in options group is incorrect.","The configuration item instance in options group is incorrect."
"The BuyRequest instance in options group is incorrect.","The BuyRequest instance in options group is incorrect."
"We can't add the product to the cart because of an option validation issue.","We can't add the product to the cart because of an option validation issue."
"%1 doesn't extends \Magento\Catalog\Model\Product\Option\Type\DefaultType","%1 doesn't extends \Magento\Catalog\Model\Product\Option\Type\DefaultType"
"The file options format is not valid.","The file options format is not valid."
px.,px.
"The file '%1' for '%2' has an invalid extension.","The file '%1' for '%2' has an invalid extension."
"The maximum allowed image size for '%1' is %2x%3 px.","The maximum allowed image size for '%1' is %2x%3 px."
"The file '%1' you uploaded is larger than the %2 megabytes allowed by our server.","The file '%1' you uploaded is larger than the %2 megabytes allowed by our server."
"The file '%1' is empty. Please choose another one","The file '%1' is empty. Please choose another one"
"The file '%1' is invalid. Please choose another one","The file '%1' is invalid. Please choose another one"
"File '%1' is not an image.","File '%1' is not an image."
"Validation failed. Required options were not filled or the file was not uploaded.","Validation failed. Required options were not filled or the file was not uploaded."
"The file you uploaded is larger than %1 Megabytes allowed by server","The file you uploaded is larger than %1 Megabytes allowed by server"
"Option required.","Option required."
"The file is empty. Please choose another one","The file is empty. Please choose another one"
"Some of the selected item options are not currently available.","Some of the selected item options are not currently available."
"The text is too long.","The text is too long."
"Invalid attribute %fieldName = %fieldValue.","Invalid attribute %fieldName = %fieldValue."
"Requested store is not found. Row ID: SKU = %SKU, Store ID: %storeId.","Requested store is not found. Row ID: SKU = %SKU, Store ID: %storeId."
"Invalid attribute Cost = %cost. Row ID: SKU = %SKU, Store ID: %storeId.","Invalid attribute Cost = %cost. Row ID: SKU = %SKU, Store ID: %storeId."
"Could not save Prices.","Could not save Prices."
"Could not delete Prices","Could not delete Prices"
"Requested product doesn't exist. Row ID: SKU = %SKU, Store ID: %storeId, Price From: %priceFrom, Price To: %priceTo.","Requested product doesn't exist. Row ID: SKU = %SKU, Store ID: %storeId, Price From: %priceFrom, Price To: %priceTo."
"Requested store is not found. Row ID: SKU = %SKU, Store ID: %storeId, Price From: %priceFrom, Price To: %priceTo.","Requested store is not found. Row ID: SKU = %SKU, Store ID: %storeId, Price From: %priceFrom, Price To: %priceTo."
"Invalid attribute %label = %priceTo. Row ID: SKU = %SKU, Store ID: %storeId, Price From: %priceFrom, Price To: %priceTo.","Invalid attribute %label = %priceTo. Row ID: SKU = %SKU, Store ID: %storeId, Price From: %priceFrom, Price To: %priceTo."
"Invalid attribute Price = %price. Row ID: SKU = %SKU, Store ID: %storeId, Price From: %priceFrom, Price To: %priceTo.","Invalid attribute Price = %price. Row ID: SKU = %SKU, Store ID: %storeId, Price From: %priceFrom, Price To: %priceTo."
"Could not save Tier Prices","Could not save Tier Prices"
"Could not replace Tier Prices","Could not replace Tier Prices"
"Could not delete Tier Prices","Could not delete Tier Prices"
"Invalid attribute SKU = %SKU. Row ID: SKU = %SKU, Website ID: %websiteId, Customer Group: %customerGroup, Quantity: %qty.","Invalid attribute SKU = %SKU. Row ID: SKU = %SKU, Website ID: %websiteId, Customer Group: %customerGroup, Quantity: %qty."
"Invalid attribute Price = %price. Row ID: SKU = %SKU, Website ID: %websiteId, Customer Group: %customerGroup, Quantity: %qty.","Invalid attribute Price = %price. Row ID: SKU = %SKU, Website ID: %websiteId, Customer Group: %customerGroup, Quantity: %qty."
"Invalid attribute Price Type = %priceType. Row ID: SKU = %SKU, Website ID: %websiteId, Customer Group: %customerGroup, Quantity: %qty.","Invalid attribute Price Type = %priceType. Row ID: SKU = %SKU, Website ID: %websiteId, Customer Group: %customerGroup, Quantity: %qty."
"Invalid attribute Quantity = %qty. Row ID: SKU = %SKU, Website ID: %websiteId, Customer Group: %customerGroup, Quantity: %qty.","Invalid attribute Quantity = %qty. Row ID: SKU = %SKU, Website ID: %websiteId, Customer Group: %customerGroup, Quantity: %qty."
"Invalid attribute Website ID = %websiteId. Row ID: SKU = %SKU, Website ID: %websiteId, Customer Group: %customerGroup, Quantity: %qty.","Invalid attribute Website ID = %websiteId. Row ID: SKU = %SKU, Website ID: %websiteId, Customer Group: %customerGroup, Quantity: %qty."
"We found a duplicate website, tier price, customer group and quantity: Customer Group = %customerGroup, Website ID = %websiteId, Quantity = %qty. Row ID: SKU = %SKU, Website ID: %websiteId, Customer Group: %customerGroup, Quantity: %qty.","We found a duplicate website, tier price, customer group and quantity: Customer Group = %customerGroup, Website ID = %websiteId, Quantity = %qty. Row ID: SKU = %SKU, Website ID: %websiteId, Customer Group: %customerGroup, Quantity: %qty."
"No such entity with Customer Group = %customerGroup. Row ID: SKU = %SKU, Website ID: %websiteId, Customer Group: %customerGroup, Quantity: %qty.","No such entity with Customer Group = %customerGroup. Row ID: SKU = %SKU, Website ID: %websiteId, Customer Group: %customerGroup, Quantity: %qty."
"This product doesn't have tier price","This product doesn't have tier price"
"Product hasn't group price with such data: customerGroupId = '%1', website = %2, qty = %3","Product hasn't group price with such data: customerGroupId = '%1', website = %2, qty = %3"
"Invalid data provided for tier_price","Invalid data provided for tier_price"
"Could not save group price","Could not save group price"
"Please provide valid data","Please provide valid data"
"Values of following attributes are invalid: %1","Values of following attributes are invalid: %1"
"We can't create writeable directory ""%1"".","We can't create writeable directory ""%1""."
"The file upload failed.","The file upload failed."
"The product has required options.","The product has required options."
"Something went wrong while processing the request.","Something went wrong while processing the request."
"%1 doesn't extends \Magento\Catalog\Model\Product\Type\AbstractType","%1 doesn't extends \Magento\Catalog\Model\Product\Type\AbstractType"
"%1 doesn't extends \Magento\Catalog\Model\Product\Type\Price","%1 doesn't extends \Magento\Catalog\Model\Product\Type\Price"
"Not Visible Individually","Not Visible Individually"
Search,Search
"Catalog, Search","Catalog, Search"
"Something went wrong while removing products from the websites.","Something went wrong while removing products from the websites."
"Something went wrong while adding products to websites.","Something went wrong while adding products to websites."
"Group with id ""%1"" does not exist.","Group with id ""%1"" does not exist."
"Attribute group that contains system attributes can not be deleted","Attribute group that contains system attributes can not be deleted"
"Collection provider is not registered","Collection provider is not registered"
"Unknown link type: %1","Unknown link type: %1"
"Provided link type ""%1"" does not exist","Provided link type ""%1"" does not exist"
"Invalid data provided for linked products","Invalid data provided for linked products"
"Product with SKU '%1' is not linked to product with SKU '%2'","Product with SKU '%1' is not linked to product with SKU '%2'"
"Product %1 doesn't have linked %2 as %3","Product %1 doesn't have linked %2 as %3"
"Requested product doesn't exist","Requested product doesn't exist"
"Requested product does not support images.","Requested product does not support images."
"Product with SKU ""%1"" does not exist","Product with SKU ""%1"" does not exist"
"Invalid product data: %1","Invalid product data: %1"
"Database connection error","Database connection error"
"Database deadlock found when trying to get lock","Database deadlock found when trying to get lock"
"Database lock wait timeout exceeded","Database lock wait timeout exceeded"
"Unable to remove product %1","Unable to remove product %1"
"There are not websites for assign to product","There are not websites for assign to product"
"Could not assign product ""%1"" to websites ""%2""","Could not assign product ""%1"" to websites ""%2"""
"Could not save product ""%1"" with websites %2","Could not save product ""%1"" with websites %2"
"We cannot determine the field name.","We cannot determine the field name."
"Attribute '%1' is locked. %2","Attribute '%1' is locked. %2"
"Do not change the scope. %1","Do not change the scope. %1"
"Processor %1 doesn't implement BaseSelectProcessorInterface","Processor %1 doesn't implement BaseSelectProcessorInterface"
"A product type is not defined for the indexer.","A product type is not defined for the indexer."
"%1 doesn't extend \Magento\Catalog\Model\ResourceModel\Product\Indexer\Price\DefaultPrice","%1 doesn't extend \Magento\Catalog\Model\ResourceModel\Product\Indexer\Price\DefaultPrice"
"Product with SKU %1 is not linked to product with SKU %2","Product with SKU %1 is not linked to product with SKU %2"
"Multiple Select","Multiple Select"
Dropdown,Dropdown
"%1 doesn't extend \Magento\Framework\Filter\Template","%1 doesn't extend \Magento\Framework\Filter\Template"
"As low as","As low as"
test,test
"Could not get extension attributes","Could not get extension attributes"
message,message
"Some exception","Some exception"
fl,fl
"Lock wait timeout","Lock wait timeout"
123,123
Images,Images
Select...,Select...
"Advanced Pricing","Advanced Pricing"
"Customer Group Price","Customer Group Price"
"Customer Group","Customer Group"
"Special Price From","Special Price From"
To,To
Done,Done
"Add Selected","Add Selected"
"Select Attribute","Select Attribute"
"Create New Attribute","Create New Attribute"
"Customizable Options","Customizable Options"
"Custom options let customers choose the product variations they want.","Custom options let customers choose the product variations they want."
"Add Option","Add Option"
"New Option","New Option"
"Select Product","Select Product"
"Option Title","Option Title"
"Add Value","Add Value"
Title,Title
"Option Type","Option Type"
Required,Required
"Price Type","Price Type"
"Max Characters","Max Characters"
"Compatible File Extensions","Compatible File Extensions"
"Maximum Image Size","Maximum Image Size"
"Please leave blank if it is not an image.","Please leave blank if it is not an image."
%1,%1
"This item has weight","This item has weight"
"This item has no weight","This item has no weight"
"Set Product as New From","Set Product as New From"
"Related Products, Up-Sells, and Cross-Sells","Related Products, Up-Sells, and Cross-Sells"
"Related products are shown to customers in addition to the item the customer is looking at.","Related products are shown to customers in addition to the item the customer is looking at."
"Add Related Products","Add Related Products"
"An up-sell item is offered to the customer as a pricier or higher-quality alternative to the product the customer is looking at.","An up-sell item is offered to the customer as a pricier or higher-quality alternative to the product the customer is looking at."
"Add Up-Sell Products","Add Up-Sell Products"
"Up-Sell Products","Up-Sell Products"
"These ""impulse-buy"" products appear next to the shopping cart as cross-sells to the items already in the shopping cart.","These ""impulse-buy"" products appear next to the shopping cart as cross-sells to the items already in the shopping cart."
"Add Cross-Sell Products","Add Cross-Sell Products"
"Cross-Sell Products","Cross-Sell Products"
"Add Selected Products","Add Selected Products"
Remove,Remove
Thumbnail,Thumbnail
Actions,Actions
"Schedule Update From","Schedule Update From"
"Product in Websites","Product in Websites"
"If your Magento installation has multiple websites, you can edit the scope to use the product on specific sites.","If your Magento installation has multiple websites, you can edit the scope to use the product on specific sites."
name,name
"Copy Data from","Copy Data from"
"If there are no custom parent categories, please use the default parent category. You can reassign the category at any time in <a href=""%1"" target=""_blank"">Products &gt; Categories</a>.","If there are no custom parent categories, please use the default parent category. You can reassign the category at any time in <a href=""%1"" target=""_blank"">Products &gt; Categories</a>."
"This operation can take a long time","This operation can take a long time"
"Collapse All","Collapse All"
"Expand All","Expand All"
"Please confirm site switching. All data that hasn't been saved will be lost.","Please confirm site switching. All data that hasn't been saved will be lost."
"Use Default Value","Use Default Value"
"Manage Titles (Size, Color, etc.)","Manage Titles (Size, Color, etc.)"
"Manage Options (Values of Your Attribute)","Manage Options (Values of Your Attribute)"
"Is Default","Is Default"
"Sort Option","Sort Option"
Groups,Groups
"Double click on a group to rename it.","Double click on a group to rename it."
"Unassigned Attributes","Unassigned Attributes"
"A name is required.","A name is required."
"This group contains system attributes. Please move system attributes to another group and try again.","This group contains system attributes. Please move system attributes to another group and try again."
"Please select a node.","Please select a node."
"Please enter a new group name.","Please enter a new group name."
"An attribute group named ""/name/"" already exists.","An attribute group named ""/name/"" already exists."
"Sorry, we're unable to complete this request.","Sorry, we're unable to complete this request."
"You can't remove attributes from this attribute set.","You can't remove attributes from this attribute set."
"Custom Options","Custom Options"
"This is a required option.","This is a required option."
"The field isn't complete.","The field isn't complete."
"Compatible file extensions to upload","Compatible file extensions to upload"
"Maximum image width","Maximum image width"
"Maximum image height","Maximum image height"
"Maximum number of characters:","Maximum number of characters:"
"Maximum %1 characters", "Maximum %1 characters"
"too many", "too many"
"remaining", "remaining"
"start typing to search template","start typing to search template"
"Product online","Product online"
"Product offline","Product offline"
"Product online status","Product online status"
"Manage Stock","Manage Stock"
Qty,Qty
"Out-of-Stock Threshold","Out-of-Stock Threshold"
"Minimum Qty Allowed in Shopping Cart","Minimum Qty Allowed in Shopping Cart"
"Maximum Qty Allowed in Shopping Cart","Maximum Qty Allowed in Shopping Cart"
"Qty Uses Decimals","Qty Uses Decimals"
Backorders,Backorders
"Notify for Quantity Below","Notify for Quantity Below"
"Enable Qty Increments","Enable Qty Increments"
"Qty Increments","Qty Increments"
"Stock Availability","Stock Availability"
"In Stock","In Stock"
"Out of Stock","Out of Stock"
"Add Product To Websites","Add Product To Websites"
"Remove Product From Websites","Remove Product From Websites"
"To hide an item in catalog or search results, set the status to ""Disabled"".","To hide an item in catalog or search results, set the status to ""Disabled""."
"We can't save custom-defined options for bundles with dynamic pricing.","We can't save custom-defined options for bundles with dynamic pricing."
"Delete Custom Option","Delete Custom Option"
"Sort Custom Options","Sort Custom Options"
"Input Type","Input Type"
"%1 <span>x</span> %2 <span>px.</span>","%1 <span>x</span> %2 <span>px.</span>"
"Sort Custom Option","Sort Custom Option"
"Item Price","Item Price"
Action,Action
"and above","and above"
"Delete Tier","Delete Tier"
"Product In Websites","Product In Websites"
"(Copy data from: %1)","(Copy data from: %1)"
"Browse to find or drag image here","Browse to find or drag image here"
"Delete image","Delete image"
Hidden,Hidden
"Alt Text","Alt Text"
Role,Role
"Image Size","Image Size"
{size},{size}
"Image Resolution","Image Resolution"
"{width}^{height} px","{width}^{height} px"
"Hide from Product Page","Hide from Product Page"
"Product Alerts","Product Alerts"
"Allow Multiple Boxes for Shipping","Allow Multiple Boxes for Shipping"
"start typing to search attribute","start typing to search attribute"
"Basic Settings","Basic Settings"
"Advanced Settings","Advanced Settings"
"Changes have been made to this section that have not been saved.","Changes have been made to this section that have not been saved."
"This tab contains invalid data. Please resolve this before saving.","This tab contains invalid data. Please resolve this before saving."
"Mass Actions","Mass Actions"
"Select All","Select All"
"Unselect All","Unselect All"
"Select Visible","Select Visible"
"Unselect Visible","Unselect Visible"
"Special Price","Special Price"
"Regular Price","Regular Price"
"Buy %1 for: ","Buy %1 for: "
"Buy %1 for %2 each and <strong class=""benefit"">save<span class=""percent tier-%3"">&nbsp;%4</span>%</strong>","Buy %1 for %2 each and <strong class=""benefit"">save<span class=""percent tier-%3"">&nbsp;%4</span>%</strong>"
"Buy %1 for %2 each","Buy %1 for %2 each"
"Shop By","Shop By"
"Shopping Options","Shopping Options"
"Compare Products","Compare Products"
"Print This Page","Print This Page"
"Remove Product","Remove Product"
"Add to Cart","Add to Cart"
"In stock","In stock"
"Out of stock","Out of stock"
"Add to Wish List","Add to Wish List"
"You have no items to compare.","You have no items to compare."
"Remove This Item","Remove This Item"
Compare,Compare
"Clear All","Clear All"
Prev,Prev
Next,Next
"We can't find products matching the selection.","We can't find products matching the selection."
"Learn More","Learn More"
"Add to Compare","Add to Compare"
"We found other products you might like!","We found other products you might like!"
"More Choices:","More Choices:"
"Check items to add to the cart or","Check items to add to the cart or"
"select all","select all"
"Items %1-%2 of %3","Items %1-%2 of %3"
"%1 Item","%1 Item"
"%1 Items","%1 Items"
Show,Show
"per page","per page"
"Sort By","Sort By"
"Set Ascending Direction","Set Ascending Direction"
"Set Descending Direction","Set Descending Direction"
"View as","View as"
"More Information","More Information"
Loading...,Loading...
"* Required Fields","* Required Fields"
Availability,Availability
"Warning message","Warning message"
Submit,Submit
"We don't recognize or support this file extension type.","We don't recognize or support this file extension type."
"Configure Product","Configure Product"
OK,OK
"This value does not follow the specified format (for example, 200X300).","This value does not follow the specified format (for example, 200X300)."
"Select type of option.","Select type of option."
"Please add rows to option.","Please add rows to option."
"Please select items.","Please select items."
"Choose existing category.","Choose existing category."
"Image Detail","Image Detail"
Adding...,Adding...
Added,Added
"does not implement Storage Interface","does not implement Storage Interface"
"unselect all","unselect all"
Inventory,Inventory
"Catalog Section","Catalog Section"
Small,Small
Main,Main
"Custom image","Custom image"
"Product Fields Auto-Generation","Product Fields Auto-Generation"
"Mask for SKU","Mask for SKU"
"Use {{name}} as Product Name placeholder","Use {{name}} as Product Name placeholder"
"Mask for Meta Title","Mask for Meta Title"
"Mask for Meta Keywords","Mask for Meta Keywords"
"Use {{name}} as Product Name or {{sku}} as Product SKU placeholders","Use {{name}} as Product Name or {{sku}} as Product SKU placeholders"
"Mask for Meta Description","Mask for Meta Description"
"Use {{name}} and {{description}} as Product Name and Product Description placeholders","Use {{name}} and {{description}} as Product Name and Product Description placeholders"
"Recently Viewed/Compared Products","Recently Viewed/Compared Products"
"Lifetime of products in Recently Viewed Widget","Lifetime of products in Recently Viewed Widget"
"Lifetime of products in Recently Compared Widget","Lifetime of products in Recently Compared Widget"
"Synchronize widget products with backend storage","Synchronize widget products with backend storage"
Storefront,Storefront
"List Mode","List Mode"
"Products per Page on Grid Allowed Values","Products per Page on Grid Allowed Values"
Comma-separated.,Comma-separated.
"Products per Page on Grid Default Value","Products per Page on Grid Default Value"
"Must be in the allowed values list","Must be in the allowed values list"
"Products per Page on List Allowed Values","Products per Page on List Allowed Values"
"Products per Page on List Default Value","Products per Page on List Default Value"
"Use Flat Catalog Category","Use Flat Catalog Category"
"Use Flat Catalog Product","Use Flat Catalog Product"
"Product Listing Sort by","Product Listing Sort by"
"Allow All Products per Page","Allow All Products per Page"
"Whether to show ""All"" option in the ""Show X Per Page"" dropdown","Whether to show ""All"" option in the ""Show X Per Page"" dropdown"
"E.g. {{media url=""path/to/image.jpg""}} {{skin url=""path/to/picture.gif""}}. Dynamic directives parsing impacts catalog performance.","E.g. {{media url=""path/to/image.jpg""}} {{skin url=""path/to/picture.gif""}}. Dynamic directives parsing impacts catalog performance."
"Product Image Placeholders","Product Image Placeholders"
"Search Engine Optimization","Search Engine Optimization"
"Page Title Separator","Page Title Separator"
"Use Canonical Link Meta Tag For Categories","Use Canonical Link Meta Tag For Categories"
"Use Canonical Link Meta Tag For Products","Use Canonical Link Meta Tag For Products"
"Catalog Price Scope","Catalog Price Scope"
"This defines the base currency scope (""Currency Setup"" > ""Currency Options"" > ""Base Currency"").","This defines the base currency scope (""Currency Setup"" > ""Currency Options"" > ""Base Currency"")."
"Category Top Navigation","Category Top Navigation"
"Maximal Depth","Maximal Depth"
"Date & Time Custom Options","Date & Time Custom Options"
"Use JavaScript Calendar","Use JavaScript Calendar"
"Date Fields Order","Date Fields Order"
"Time Format","Time Format"
"Year Range","Year Range"
"Please use a four-digit year format.","Please use a four-digit year format."
"Use Static URLs for Media Content in WYSIWYG","Use Static URLs for Media Content in WYSIWYG"
"Media content will be inserted into the editor as a static URL. Media content is not updated if the system configuration base URL changes.","Media content will be inserted into the editor as a static URL. Media content is not updated if the system configuration base URL changes."
"Top Level Category","Top Level Category"
"Product Info Column","Product Info Column"
"Block after Info Column","Block after Info Column"
"Product Flat Data","Product Flat Data"
"Reorganize EAV product structure to flat structure","Reorganize EAV product structure to flat structure"
"Category Flat Data","Category Flat Data"
"Reorganize EAV category structure to flat structure","Reorganize EAV category structure to flat structure"
"Category Products","Category Products"
"Indexed category/products association","Indexed category/products association"
"Product Categories","Product Categories"
"Indexed product/categories association","Indexed product/categories association"
"Product Price","Product Price"
"Index product prices","Index product prices"
"Product EAV","Product EAV"
"Index product EAV","Index product EAV"
"Catalog New Products List","Catalog New Products List"
"List of Products that are set as New","List of Products that are set as New"
"Display Type","Display Type"
"All products - recently added products, New products - products marked as new","All products - recently added products, New products - products marked as new"
"All products","All products"
"New products","New products"
"Display Page Control","Display Page Control"
"Number of Products per Page","Number of Products per Page"
"Number of Products to Display","Number of Products to Display"
Template,Template
"New Products Grid Template","New Products Grid Template"
"New Products List Template","New Products List Template"
"New Products Images and Names Template","New Products Images and Names Template"
"New Products Names Only Template","New Products Names Only Template"
"New Products Images Only Template","New Products Images Only Template"
"Cache Lifetime (Seconds)","Cache Lifetime (Seconds)"
"Time in seconds between the widget updates.
<br/>If not set, equals to 86400 seconds (24 hours). To update widget instantly, go to Cache Management and clear Blocks HTML Output cache.
<br/>Widget will not show products that begin to match the specified conditions until cache is refreshed."
,
"Time in seconds between the widget updates.
<br/>If not set, equals to 86400 seconds (24 hours). To update widget instantly, go to Cache Management and clear Blocks HTML Output cache.
<br/>Widget will not show products that begin to match the specified conditions until cache is refreshed."
"Catalog Product Link","Catalog Product Link"
"Link to a Specified Product","Link to a Specified Product"
"Select Product...","Select Product..."
"Anchor Custom Text","Anchor Custom Text"
"If empty, we'll use the product name here.","If empty, we'll use the product name here."
"Anchor Custom Title","Anchor Custom Title"
"Product Link Block Template","Product Link Block Template"
"Product Link Inline Template","Product Link Inline Template"
"Catalog Category Link","Catalog Category Link"
"Link to a Specified Category","Link to a Specified Category"
"Select Category...","Select Category..."
"If empty, we'll use the category name here.","If empty, we'll use the category name here."
"Category Link Block Template","Category Link Block Template"
"Category Link Inline Template","Category Link Inline Template"
"Recently Viewed Products","Recently Viewed Products"
"List of Products Recently Viewed by Visitor","List of Products Recently Viewed by Visitor"
"UI Component","UI Component"
"Number of Products to display","Number of Products to display"
"Product attributes to show","Product attributes to show"
Image,Image
"Learn More Link","Learn More Link"
"Buttons to show","Buttons to show"
"Add to Wishlist","Add to Wishlist"
"Viewed Products Grid Template","Viewed Products Grid Template"
"Viewed Products List Template","Viewed Products List Template"
"Viewed Products Sidebar Template","Viewed Products Sidebar Template"
"Recently Compared Products","Recently Compared Products"
"List of Products Recently Compared by Visitor","List of Products Recently Compared by Visitor"
"Compared Products Grid Template","Compared Products Grid Template"
"Compared Products List Template","Compared Products List Template"
Set,Set
"Category Information","Category Information"
"Enable Category","Enable Category"
"Include in Menu","Include in Menu"
Content,Content
"Category Image","Category Image"
Description,Description
"Add CMS Block","Add CMS Block"
"Display Settings","Display Settings"
"Display Mode","Display Mode"
Anchor,Anchor
"Available Product Listing Sort By","Available Product Listing Sort By"
"Use All","Use All"
"Default Product Listing Sort By","Default Product Listing Sort By"
"Layered Navigation Price Step","Layered Navigation Price Step"
"URL Key","URL Key"
"Meta Title","Meta Title"
"Meta Keywords","Meta Keywords"
"Meta Description","Meta Description"
"Products in Category","Products in Category"
Design,Design
Theme,Theme
Layout,Layout
"Layout Update XML","Layout Update XML"
"Apply Design to Products","Apply Design to Products"
"Schedule Design Update","Schedule Design Update"
AttributeSetText,AttributeSetText
StatusText,StatusText
"Product Image Watermarks","Product Image Watermarks"
Base,Base
"Allowed file types: jpeg, gif, png.","Allowed file types: jpeg, gif, png."
Image,Image
"Image Opacity","Image Opacity"
"Example format: 200x300.","Example format: 200x300."
"Image Position","Image Position"
Small,Small
"Attribute Properties","Attribute Properties"
"Attribute Label","Attribute Label"
"Catalog Input Type for Store Owner","Catalog Input Type for Store Owner"
Values,Values
"Add this attribute to the list of column options in the product grid.","Add this attribute to the list of column options in the product grid."
"Add this attribute to the list of filter options in the product grid.","Add this attribute to the list of filter options in the product grid."
System,System
"All Store Views","All Store Views"
"Delete selected items?","Delete selected items?"
"Delete items","Delete items"
"Change status","Change status"
Enable,Enable
Disable,Disable
"Update attributes","Update attributes"
Overview,Overview
"Skip to the end of the images gallery","Skip to the end of the images gallery"
"Skip to the beginning of the images gallery","Skip to the beginning of the images gallery"
Details,Details
"Recently Compared","Recently Compared"
"Add To Cart","Add To Cart"
"Add To Compare","Add To Compare"
"Learn more","Learn more"
"Recently Viewed","Recently Viewed"
"The value of Admin must be unique.", "The value of Admin must be unique."
"The value of Admin must be unique. (%1)", "The value of Admin must be unique. (%1)"
"Product Name or SKU", "Product Name or SKU"
"Start typing to find products", "Start typing to find products"
"Product with ID: (%1) doesn't exist", "Product with ID: (%1) doesn't exist"
"Category with ID: (%1) doesn't exist", "Category with ID: (%1) doesn't exist"
"You added product %1 to the <a href=""%2"">comparison list</a>.","You added product %1 to the <a href=""%2"">comparison list</a>."
"Edit Product Design","Edit Product Design"
"Edit Category Design","Edit Category Design"